{
    "accuracy": 0.9758220502901354,
    "precision": 0.9918032786885246,
    "recall": 0.8344827586206897,
    "f1": 0.9063670411985019
}